id,prediction,probability
5159,0,0.0017810780603751723
1045,1,0.5676597805742746
3583,0,0.00027618281525482093
4967,1,0.9998664538123097
5571,0,0.001543983262056344
3222,1,0.9993346057846074
4785,0,0.00054619189619169
