id,prediction,probability
1658480,0,0.00028833378447666683
2818751,0,0.00040790860477770953
3712714,0,2.7908428037726524e-05
7628920,0,0.0008252853046234081
4032607,0,0.0007945455238910242
2481491,0,0.0015353561624856249
4453426,1,1.0
5803096,1,0.9965884464822918
3703656,0,0.0252510540452081
3022465,0,0.4554431971137297
7391690,0,0.002206911385902205
