PassengerId,Survived,probability
530,0,0.21064429602421633
760,1,0.9466197216592988
532,0,0.09151880752597176
227,0,0.3147208905023092
884,0,0.243460005335428
637,0,0.07519493122826784
718,1,0.8257164094467951
278,0,0.24842590541322657
