PassengerId,Survived,probability
530,0,0.21065560802577168
760,1,0.9466279337658944
532,0,0.09151823020186564
227,0,0.3147300170484898
884,0,0.243465741736309
637,0,0.07519314223148267
718,1,0.8257183932530701
278,0,0.24843294966023322
