PassengerId,Survived,probability
530,0,0.24575978907773116
760,1,0.8367357017875539
532,0,0.13299699284500366
227,0,0.244909831257034
884,0,0.244909831257034
637,0,0.1333657497174666
718,1,0.7307918212381642
278,0,0.2361056710832674
